"ID","Description","GeneRatio","BgRatio","pvalue","p.adjust","qvalue","geneID","Count"
"GO:0016209","antioxidant activity","7/180","99/20758",2.49511735943533e-05,0.00519376491594416,0.00473116237282363,"HBB/HP/SELENOW/HBA2/SELENOS/ALOX5AP/SELENOT",7
"GO:0019207","kinase regulator activity","11/180","270/20758",2.49700236343469e-05,0.00519376491594416,0.00473116237282363,"RGCC/HBEGF/TRIB1/AREG/EREG/FAM20A/RACK1/SH3BP5/PIK3R1/CDKN2D/ITPRIP",11
"GO:0019887","protein kinase regulator activity","10/180","239/20758",4.6897024953109e-05,0.00650305412683111,0.00592383473091903,"RGCC/HBEGF/TRIB1/AREG/EREG/FAM20A/RACK1/SH3BP5/CDKN2D/ITPRIP",10
"GO:0030297","transmembrane receptor protein tyrosine kinase activator activity","3/180","16/20758",0.000330444541316216,0.0343662322968864,0.0313052723352204,"HBEGF/AREG/EREG",3
"GO:0045236","CXCR chemokine receptor binding","3/180","19/20758",0.000560945494309952,0.0406967515929855,0.0370719397102095,"CXCL8/CXCL2/CXCL3",3
"GO:0004860","protein kinase inhibitor activity","5/180","78/20758",0.000586972378744983,0.0406967515929855,0.0370719397102095,"TRIB1/RACK1/SH3BP5/CDKN2D/ITPRIP",5
"GO:0019210","kinase inhibitor activity","5/180","83/20758",0.000779662544072029,0.0463342311905663,0.0422072956189369,"TRIB1/RACK1/SH3BP5/CDKN2D/ITPRIP",5
